,date,close
0,2018-03-12,490.0
1,2018-03-09,490.25
2,2018-03-08,499.25
3,2018-03-07,497.5
4,2018-03-06,506.0
5,2018-03-05,507.0
6,2018-03-02,499.0
7,2018-03-01,516.0
8,2018-02-28,492.5
9,2018-02-27,477.5
10,2018-02-26,473.75
11,2018-02-23,452.0
12,2018-02-22,450.75
13,2018-02-21,447.5
14,2018-02-20,449.25
15,2018-02-19,458.0
16,2018-02-18,458.0
17,2018-02-16,458.0
18,2018-02-15,461.5
19,2018-02-14,454.75
20,2018-02-13,459.25
21,2018-02-12,464.25
22,2018-02-09,449.25
23,2018-02-08,456.5
24,2018-02-07,461.0
25,2018-02-06,446.75
26,2018-02-05,442.0
27,2018-02-04,447.0
28,2018-02-02,447.0
29,2018-02-01,451.25
30,2018-01-31,451.5
31,2018-01-30,458.0
32,2018-01-29,449.0
33,2018-01-26,442.25
34,2018-01-25,434.25
35,2018-01-24,432.5
36,2018-01-23,421.75
37,2018-01-22,425.5
38,2018-01-19,423.25
39,2018-01-18,424.75
40,2018-01-17,421.5
41,2018-01-16,416.25
42,2018-01-12,420.75
43,2018-01-11,433.75
44,2018-01-10,434.0
45,2018-01-09,431.75
46,2018-01-08,427.0
47,2018-01-05,431.0
48,2018-01-04,433.5
49,2018-01-03,435.0
50,2018-01-02,434.25
51,2017-12-29,427.5
52,2017-12-28,426.75
53,2017-12-27,427.25
54,2017-12-26,422.25
55,2017-12-22,424.75
56,2017-12-21,427.0
57,2017-12-20,423.0
58,2017-12-19,420.0
59,2017-12-18,420.75
60,2017-12-15,418.0
61,2017-12-14,417.75
62,2017-12-13,417.25
63,2017-12-12,411.25
64,2017-12-11,413.25
65,2017-12-08,419.0
66,2017-12-07,421.25
67,2017-12-06,425.5
68,2017-12-05,432.0
69,2017-12-04,435.25
70,2017-12-01,438.75
71,2017-11-30,434.38
72,2017-11-29,434.75
73,2017-11-28,429.5
74,2017-11-27,409.12
75,2017-11-24,416.0
76,2017-11-22,422.25
77,2017-11-21,424.5
78,2017-11-20,422.12
79,2017-11-17,427.75
80,2017-11-16,421.5
81,2017-11-15,419.25
82,2017-11-14,428.0
83,2017-11-13,423.75
84,2017-11-10,431.75
85,2017-11-09,428.75
86,2017-11-08,426.5
87,2017-11-07,427.0
88,2017-11-06,431.0
89,2017-11-03,425.25
90,2017-11-02,425.75
91,2017-11-01,418.5
92,2017-10-31,418.5
93,2017-10-30,425.25
94,2017-10-27,427.0
95,2017-10-26,431.75
96,2017-10-25,435.0
97,2017-10-24,437.75
98,2017-10-23,437.25
99,2017-10-20,425.88
100,2017-10-19,432.75
101,2017-10-18,430.0
102,2017-10-17,434.75
103,2017-10-16,436.25
104,2017-10-13,439.75
105,2017-10-12,430.25
106,2017-10-11,433.5
107,2017-10-10,435.88
108,2017-10-09,436.0
109,2017-10-06,444.0
110,2017-10-05,441.25
111,2017-10-04,442.5
112,2017-10-03,448.5
113,2017-10-02,444.75
114,2017-09-29,448.25
115,2017-09-28,454.75
116,2017-09-27,461.5
117,2017-09-26,453.5
118,2017-09-25,454.0
119,2017-09-22,449.5
120,2017-09-21,452.75
121,2017-09-20,449.5
122,2017-09-19,442.75
123,2017-09-18,444.0
124,2017-09-15,448.75
125,2017-09-14,442.0
126,2017-09-13,444.5
127,2017-09-12,442.5
128,2017-09-11,434.5
129,2017-09-08,437.75
130,2017-09-07,437.5
131,2017-09-06,445.75
132,2017-09-05,443.5
133,2017-09-01,438.88
134,2017-08-31,435.5
135,2017-08-30,429.75
136,2017-08-29,429.5
137,2017-08-28,428.75
138,2017-08-25,410.0
139,2017-08-24,409.25
140,2017-08-23,403.12
141,2017-08-22,403.0
142,2017-08-21,410.0
143,2017-08-18,416.25
144,2017-08-17,414.0
145,2017-08-16,419.25
146,2017-08-15,430.0
147,2017-08-14,440.5
148,2017-08-11,439.25
149,2017-08-10,440.25
150,2017-08-09,459.75
151,2017-08-08,457.0
152,2017-08-07,463.75
153,2017-08-04,455.0
154,2017-08-03,457.5
155,2017-08-02,461.0
156,2017-08-01,461.5
157,2017-07-31,474.25
158,2017-07-28,481.25
159,2017-07-27,480.75
160,2017-07-26,478.0
161,2017-07-25,475.12
162,2017-07-24,488.88
163,2017-07-21,499.5
164,2017-07-20,505.62
165,2017-07-19,503.62
166,2017-07-18,504.75
167,2017-07-17,506.5
168,2017-07-14,510.75
169,2017-07-13,511.62
170,2017-07-12,536.5
171,2017-07-11,553.25
172,2017-07-10,550.5
173,2017-07-07,535.25
174,2017-07-06,538.62
175,2017-07-05,558.75
176,2017-07-03,554.38
177,2017-06-30,525.75
178,2017-06-29,495.88
179,2017-06-28,473.25
180,2017-06-27,469.0
181,2017-06-26,466.25
182,2017-06-23,460.0
183,2017-06-22,461.0
184,2017-06-21,464.75
185,2017-06-20,471.75
186,2017-06-19,467.75
187,2017-06-16,466.0
188,2017-06-15,454.75
189,2017-06-14,443.12
190,2017-06-13,444.5
191,2017-06-12,434.0
192,2017-06-09,445.75
193,2017-06-08,449.75
194,2017-06-07,444.75
195,2017-06-06,435.75
196,2017-06-05,429.5
197,2017-06-02,429.25
198,2017-06-01,429.25
199,2017-05-31,429.5
200,2017-05-30,429.38
201,2017-05-26,438.75
202,2017-05-25,430.75
203,2017-05-24,432.5
204,2017-05-23,429.12
205,2017-05-22,434.75
206,2017-05-19,435.5
207,2017-05-18,426.0
208,2017-05-17,427.5
209,2017-05-16,425.0
210,2017-05-15,424.25
211,2017-05-12,432.75
212,2017-05-11,433.5
213,2017-05-10,431.75
214,2017-05-09,429.75
215,2017-05-08,434.0
216,2017-05-05,443.0
217,2017-05-04,438.25
218,2017-05-03,453.5
219,2017-05-02,454.5
220,2017-05-01,456.0
221,2017-04-28,432.62
222,2017-04-27,431.5
223,2017-04-26,426.0
224,2017-04-25,427.25
225,2017-04-24,419.0
226,2017-04-21,405.75
227,2017-04-20,406.75
228,2017-04-19,418.5
229,2017-04-18,422.25
230,2017-04-17,421.25
231,2017-04-13,429.75
232,2017-04-12,433.38
233,2017-04-11,434.12
234,2017-04-10,428.75
235,2017-04-07,423.62
236,2017-04-06,423.0
237,2017-04-05,430.25
238,2017-04-04,427.25
239,2017-04-03,429.25
240,2017-03-31,425.75
241,2017-03-30,420.75
242,2017-03-29,425.5
243,2017-03-28,424.75
244,2017-03-27,421.25
245,2017-03-24,424.25
246,2017-03-23,421.25
247,2017-03-22,422.25
248,2017-03-21,426.5
249,2017-03-20,430.75
250,2017-03-17,436.75
251,2017-03-16,436.75
252,2017-03-15,436.0
253,2017-03-14,431.0
254,2017-03-13,430.75
255,2017-03-10,442.0
256,2017-03-09,443.75
257,2017-03-08,447.5
258,2017-03-07,456.25
259,2017-03-06,458.75
260,2017-03-03,454.25
261,2017-03-02,453.5
262,2017-03-01,457.25
263,2017-02-28,443.75
264,2017-02-27,438.75
265,2017-02-24,433.0
266,2017-02-23,437.0
267,2017-02-22,441.0
268,2017-02-21,437.0
269,2017-02-17,441.25
270,2017-02-16,447.75
271,2017-02-15,455.0
272,2017-02-14,449.75
273,2017-02-13,451.5
274,2017-02-10,449.75
275,2017-02-09,443.5
276,2017-02-08,432.75
277,2017-02-07,430.0
278,2017-02-06,423.5
279,2017-02-03,430.88
280,2017-02-02,435.25
281,2017-02-01,432.75
282,2017-01-31,421.0
283,2017-01-30,414.25
284,2017-01-27,421.75
285,2017-01-26,426.12
286,2017-01-25,424.25
287,2017-01-24,427.75
288,2017-01-23,433.0
289,2017-01-20,428.0
290,2017-01-19,423.5
291,2017-01-18,431.0
292,2017-01-17,432.75
293,2017-01-13,426.25
294,2017-01-12,425.88
295,2017-01-11,419.0
296,2017-01-10,427.0
297,2017-01-09,427.25
298,2017-01-06,423.0
299,2017-01-05,425.5
300,2017-01-04,418.0
301,2017-01-03,406.38
302,2016-12-30,407.75
303,2016-12-29,404.75
304,2016-12-28,401.75
305,2016-12-27,410.0
306,2016-12-23,394.38
307,2016-12-22,396.75
308,2016-12-21,399.5
309,2016-12-20,403.0
310,2016-12-19,405.25
311,2016-12-16,408.75
312,2016-12-15,409.0
313,2016-12-14,418.25
314,2016-12-13,418.0
315,2016-12-12,416.75
316,2016-12-09,416.0
317,2016-12-08,407.75
318,2016-12-07,401.25
319,2016-12-06,407.0
320,2016-12-05,408.5
321,2016-12-02,403.0
322,2016-12-01,395.75
323,2016-11-30,403.0
324,2016-11-29,408.25
325,2016-11-28,418.0
326,2016-11-25,396.75
327,2016-11-23,401.5
328,2016-11-22,406.25
329,2016-11-21,410.75
330,2016-11-18,408.75
331,2016-11-17,403.25
332,2016-11-16,397.0
333,2016-11-15,399.0
334,2016-11-14,394.0
335,2016-11-11,402.0
336,2016-11-10,405.0
337,2016-11-09,407.75
338,2016-11-08,414.5
339,2016-11-07,408.5
340,2016-11-04,414.25
341,2016-11-03,411.5
342,2016-11-02,418.5
343,2016-11-01,414.0
344,2016-10-31,415.25
345,2016-10-28,408.0
346,2016-10-27,415.0
347,2016-10-26,411.75
348,2016-10-25,404.75
349,2016-10-24,403.5
350,2016-10-21,414.5
351,2016-10-20,417.0
352,2016-10-19,420.0
353,2016-10-18,419.5
354,2016-10-17,424.25
355,2016-10-14,420.75
356,2016-10-13,416.5
357,2016-10-12,397.5
358,2016-10-11,407.25
359,2016-10-10,404.25
360,2016-10-07,395.0
361,2016-10-06,395.25
362,2016-10-05,405.5
363,2016-10-04,395.75
364,2016-10-03,396.75
365,2016-09-30,401.75
366,2016-09-29,399.0
367,2016-09-28,403.38
368,2016-09-27,404.25
369,2016-09-26,396.0
370,2016-09-23,405.25
371,2016-09-22,405.75
372,2016-09-21,408.25
373,2016-09-20,405.75
374,2016-09-19,404.0
375,2016-09-16,403.88
376,2016-09-15,399.5
377,2016-09-14,402.25
378,2016-09-13,400.0
379,2016-09-12,408.75
380,2016-09-09,403.0
381,2016-09-08,406.0
382,2016-09-07,402.5
383,2016-09-06,398.0
384,2016-09-02,399.0
385,2016-09-01,394.62
386,2016-08-31,387.5
387,2016-08-30,392.5
388,2016-08-29,397.25
389,2016-08-26,384.12
390,2016-08-25,401.38
391,2016-08-24,404.5
392,2016-08-23,407.5
393,2016-08-22,415.25
394,2016-08-19,427.5
395,2016-08-18,427.25
396,2016-08-17,426.25
397,2016-08-16,423.5
398,2016-08-15,422.62
399,2016-08-12,422.62
400,2016-08-11,416.0
401,2016-08-10,421.12
402,2016-08-09,416.5
403,2016-08-08,417.0
404,2016-08-05,415.38
405,2016-08-04,404.25
406,2016-08-03,410.0
407,2016-08-02,400.75
408,2016-08-01,406.75
409,2016-07-29,407.25
410,2016-07-28,409.12
411,2016-07-27,415.0
412,2016-07-26,414.88
413,2016-07-25,429.5
414,2016-07-22,426.12
415,2016-07-21,418.25
416,2016-07-20,412.75
417,2016-07-19,418.5
418,2016-07-18,430.25
419,2016-07-15,425.5
420,2016-07-14,433.75
421,2016-07-13,441.0
422,2016-07-12,437.5
423,2016-07-11,430.75
424,2016-07-08,435.5
425,2016-07-07,425.62
426,2016-07-06,429.5
427,2016-07-05,431.5
428,2016-07-01,430.62
429,2016-06-30,448.0
430,2016-06-29,444.25
431,2016-06-28,458.25
432,2016-06-27,459.25
433,2016-06-24,453.25
434,2016-06-23,454.0
435,2016-06-22,458.75
436,2016-06-21,458.12
437,2016-06-20,473.75
438,2016-06-17,481.5
439,2016-06-16,472.5
440,2016-06-15,478.5
441,2016-06-14,484.75
442,2016-06-13,492.0
443,2016-06-10,495.0
444,2016-06-09,509.75
445,2016-06-08,520.0
446,2016-06-07,509.5
447,2016-06-06,507.75
448,2016-06-03,497.75
449,2016-06-02,485.5
450,2016-06-01,473.5
451,2016-05-31,463.75
452,2016-05-27,481.5
453,2016-05-26,480.75
454,2016-05-25,466.25
455,2016-05-24,464.5
456,2016-05-23,462.5
457,2016-05-20,468.25
458,2016-05-19,469.25
459,2016-05-18,481.0
460,2016-05-17,481.5
461,2016-05-16,475.75
462,2016-05-13,474.75
463,2016-05-12,468.0
464,2016-05-11,459.0
465,2016-05-10,462.25
466,2016-05-09,456.25
467,2016-05-06,464.5
468,2016-05-05,463.75
469,2016-05-04,473.0
470,2016-05-03,472.0
471,2016-05-02,487.12
472,2016-04-29,489.25
473,2016-04-28,485.75
474,2016-04-27,482.75
475,2016-04-26,488.25
476,2016-04-25,476.75
477,2016-04-22,467.25
478,2016-04-21,495.88
479,2016-04-20,503.0
480,2016-04-19,485.5
481,2016-04-18,472.5
482,2016-04-15,460.25
483,2016-04-14,458.5
484,2016-04-13,464.25
485,2016-04-12,453.5
486,2016-04-11,447.0
487,2016-04-08,461.5
488,2016-04-07,457.25
489,2016-04-06,463.25
490,2016-04-05,473.5
491,2016-04-04,474.5
492,2016-04-01,475.5
493,2016-03-31,474.5
494,2016-03-30,464.25
495,2016-03-29,477.0
496,2016-03-28,472.0
497,2016-03-24,463.5
498,2016-03-23,463.38
499,2016-03-22,467.38
500,2016-03-21,466.38
501,2016-03-18,463.38
502,2016-03-17,462.38
503,2016-03-16,470.62
504,2016-03-15,477.12
505,2016-03-14,478.62
506,2016-03-11,475.88
507,2016-03-10,476.38
508,2016-03-09,468.12
509,2016-03-08,465.13
510,2016-03-07,463.13
511,2016-03-04,461.38
512,2016-03-03,459.12
513,2016-03-02,450.12
514,2016-03-01,446.12
515,2016-02-29,452.88
516,2016-02-26,452.12
517,2016-02-25,453.12
518,2016-02-24,451.38
519,2016-02-23,455.88
520,2016-02-22,463.88
521,2016-02-19,461.88
522,2016-02-18,462.38
523,2016-02-17,468.88
524,2016-02-16,464.38
525,2016-02-12,457.38
526,2016-02-11,458.38
527,2016-02-10,461.13
528,2016-02-09,457.38
529,2016-02-08,458.38
530,2016-02-05,466.63
531,2016-02-04,472.63
532,2016-02-03,479.88
533,2016-02-02,475.38
534,2016-02-01,475.63
535,2016-01-29,479.38
536,2016-01-28,472.13
537,2016-01-27,476.38
538,2016-01-26,485.13
539,2016-01-25,481.13
540,2016-01-22,475.38
541,2016-01-21,475.38
542,2016-01-20,471.63
543,2016-01-19,474.38
544,2016-01-17,473.38
545,2016-01-15,473.38
546,2016-01-14,468.88
547,2016-01-13,477.88
548,2016-01-12,481.38
549,2016-01-11,469.13
550,2016-01-08,478.38
551,2016-01-07,468.38
552,2016-01-06,462.63
553,2016-01-05,461.38
554,2016-01-04,458.38
555,2015-12-31,469.38
556,2015-12-30,469.63
557,2015-12-29,475.88
558,2015-12-28,466.63
559,2015-12-27,468.0
560,2015-12-24,468.0
561,2015-12-23,469.63
562,2015-12-22,471.63
563,2015-12-21,479.13
564,2015-12-18,486.13
565,2015-12-17,483.88
566,2015-12-16,483.38
567,2015-12-15,493.88
568,2015-12-14,493.38
569,2015-12-11,490.38
570,2015-12-10,495.38
571,2015-12-09,489.63
572,2015-12-08,481.38
573,2015-12-07,482.88
574,2015-12-04,484.63
575,2015-12-03,478.38
576,2015-12-02,467.13
577,2015-12-01,471.38
578,2015-11-30,475.63
579,2015-11-27,479.0
580,2015-11-25,487.63
581,2015-11-24,488.13
582,2015-11-23,497.38
583,2015-11-20,489.13
584,2015-11-19,490.38
585,2015-11-18,483.38
586,2015-11-17,487.75
587,2015-11-16,493.88
588,2015-11-13,496.13
589,2015-11-12,497.63
590,2015-11-11,495.13
591,2015-11-10,491.38
592,2015-11-09,501.63
593,2015-11-06,522.88
594,2015-11-05,525.88
595,2015-11-04,526.38
596,2015-11-03,516.38
597,2015-11-02,507.88
598,2015-10-30,522.13
599,2015-10-29,515.38
600,2015-10-28,505.88
601,2015-10-27,509.13
602,2015-10-26,509.38
603,2015-10-23,490.63
604,2015-10-22,490.88
605,2015-10-21,494.63
606,2015-10-20,490.63
607,2015-10-19,485.38
608,2015-10-16,492.38
609,2015-10-15,502.13
610,2015-10-14,508.38
611,2015-10-13,518.88
612,2015-10-12,506.88
613,2015-10-09,508.13
614,2015-10-08,511.13
615,2015-10-07,516.63
616,2015-10-06,525.88
617,2015-10-05,515.88
618,2015-10-02,512.63
619,2015-10-01,518.0
620,2015-09-30,512.25
621,2015-09-29,503.88
622,2015-09-28,506.13
623,2015-09-25,508.13
624,2015-09-24,497.13
625,2015-09-23,507.63
626,2015-09-22,495.38
627,2015-09-21,496.63
628,2015-09-18,486.63
629,2015-09-17,480.88
630,2015-09-16,488.88
631,2015-09-15,494.88
632,2015-09-14,501.38
633,2015-09-11,485.13
634,2015-09-10,478.13
635,2015-09-09,472.63
636,2015-09-08,475.13
637,2015-09-04,467.13
638,2015-09-03,464.88
639,2015-09-02,479.13
640,2015-09-01,485.63
641,2015-08-31,485.38
642,2015-08-28,477.63
643,2015-08-27,484.75
644,2015-08-26,491.0
645,2015-08-25,496.5
646,2015-08-24,504.25
647,2015-08-21,499.38
648,2015-08-20,504.13
649,2015-08-19,496.25
650,2015-08-18,495.5
651,2015-08-17,500.63
652,2015-08-14,505.88
653,2015-08-13,503.38
654,2015-08-12,493.75
655,2015-08-11,507.13
656,2015-08-10,523.63
657,2015-08-07,510.63
658,2015-08-06,507.13
659,2015-08-05,502.63
660,2015-08-04,493.75
661,2015-08-03,500.88
662,2015-07-31,498.13
663,2015-07-30,497.38
664,2015-07-29,496.0
665,2015-07-28,512.13
666,2015-07-27,502.13
667,2015-07-24,512.38
668,2015-07-23,522.5
669,2015-07-22,516.38
670,2015-07-21,523.88
671,2015-07-20,534.75
672,2015-07-17,554.25
673,2015-07-16,562.63
674,2015-07-15,567.13
675,2015-07-14,570.88
676,2015-07-13,575.5
677,2015-07-10,575.13
678,2015-07-09,577.38
679,2015-07-08,578.25
680,2015-07-07,584.38
681,2015-07-06,594.88
682,2015-07-03,588.25
683,2015-07-02,588.25
684,2015-07-01,587.25
685,2015-06-30,616.63
686,2015-06-29,584.13
687,2015-06-26,560.75
688,2015-06-25,532.38
689,2015-06-24,518.13
690,2015-06-23,522.63
691,2015-06-22,501.75
692,2015-06-19,488.88
693,2015-06-18,487.88
694,2015-06-17,491.63
695,2015-06-16,488.63
696,2015-06-15,488.88
697,2015-06-12,504.25
698,2015-06-11,505.13
699,2015-06-10,512.63
700,2015-06-09,532.75
701,2015-06-08,527.63
702,2015-06-05,517.0
703,2015-06-04,523.13
704,2015-06-03,509.13
705,2015-06-02,512.63
706,2015-06-01,494.75
707,2015-05-29,477.88
708,2015-05-28,487.38
709,2015-05-27,488.25
710,2015-05-26,492.63
711,2015-05-22,515.0
712,2015-05-21,520.5
713,2015-05-20,512.5
714,2015-05-19,510.63
715,2015-05-18,521.88
716,2015-05-15,510.75
717,2015-05-14,514.63
718,2015-05-13,481.63
719,2015-05-12,481.38
720,2015-05-11,481.63
721,2015-05-08,482.38
722,2015-05-07,472.63
723,2015-05-06,479.25
724,2015-05-05,466.75
725,2015-05-04,472.75
726,2015-05-01,473.88
727,2015-04-30,475.38
728,2015-04-29,483.88
729,2015-04-28,476.38
730,2015-04-27,473.88
731,2015-04-24,486.38
732,2015-04-23,498.13
733,2015-04-22,499.13
734,2015-04-21,500.5
735,2015-04-20,498.63
736,2015-04-17,493.13
737,2015-04-16,494.63
738,2015-04-15,490.63
739,2015-04-14,497.5
740,2015-04-13,502.38
741,2015-04-10,526.75
742,2015-04-09,518.88
743,2015-04-08,525.5
744,2015-04-07,526.88
745,2015-04-06,528.38
746,2015-04-02,533.88
747,2015-04-01,528.88
748,2015-03-31,512.88
749,2015-03-30,530.38
750,2015-03-27,507.75
751,2015-03-26,498.63
752,2015-03-25,518.88
753,2015-03-24,523.38
754,2015-03-23,534.63
755,2015-03-20,530.13
756,2015-03-19,511.38
757,2015-03-18,511.13
758,2015-03-17,503.63
759,2015-03-16,515.13
760,2015-03-13,501.25
761,2015-03-12,507.25
762,2015-03-11,498.63
763,2015-03-10,493.88
764,2015-03-09,490.13
765,2015-03-06,482.25
766,2015-03-05,480.63
767,2015-03-04,495.88
768,2015-03-03,504.38
769,2015-03-02,499.88
770,2015-02-27,512.0
771,2015-02-26,500.0
772,2015-02-25,497.13
773,2015-02-24,503.38
774,2015-02-23,503.63
775,2015-02-20,509.88
776,2015-02-19,527.63
777,2015-02-18,528.13
778,2015-02-17,535.0
779,2015-02-13,533.25
780,2015-02-12,520.38
781,2015-02-11,525.13
782,2015-02-10,520.88
783,2015-02-09,529.13
784,2015-02-06,527.38
785,2015-02-05,526.38
786,2015-02-04,512.13
787,2015-02-03,512.88
788,2015-02-02,492.88
789,2015-01-30,503.25
790,2015-01-29,507.75
791,2015-01-28,505.38
792,2015-01-27,518.88
793,2015-01-26,519.75
794,2015-01-23,529.25
795,2015-01-22,533.75
796,2015-01-21,535.88
797,2015-01-20,535.38
798,2015-01-16,531.38
799,2015-01-15,533.88
800,2015-01-14,538.13
801,2015-01-13,547.75
802,2015-01-12,555.25
803,2015-01-09,562.38
804,2015-01-08,567.38
805,2015-01-07,579.13
806,2015-01-06,592.13
807,2015-01-05,588.63
808,2015-01-02,581.13
809,2014-12-31,589.88
810,2014-12-30,603.25
811,2014-12-29,614.38
812,2014-12-28,609.25
813,2014-12-26,609.25
814,2014-12-24,610.38
815,2014-12-23,636.38
816,2014-12-22,624.88
817,2014-12-21,632.88
818,2014-12-19,632.88
819,2014-12-18,653.38
820,2014-12-17,648.88
821,2014-12-16,621.13
822,2014-12-15,618.0
823,2014-12-14,605.75
824,2014-12-12,605.75
825,2014-12-11,596.13
826,2014-12-10,582.13
827,2014-12-09,586.0
828,2014-12-08,596.38
829,2014-12-07,593.38
830,2014-12-05,593.38
831,2014-12-04,588.88
832,2014-12-03,589.63
833,2014-12-02,603.38
834,2014-12-01,607.13
835,2014-11-30,578.38
836,2014-11-28,578.38
837,2014-11-27,562.25
838,2014-11-26,562.25
839,2014-11-25,558.63
840,2014-11-24,549.13
841,2014-11-21,546.63
842,2014-11-20,547.13
843,2014-11-19,538.25
844,2014-11-18,549.38
845,2014-11-17,552.25
846,2014-11-14,560.63
847,2014-11-13,553.63
848,2014-11-12,541.63
849,2014-11-11,524.0
850,2014-11-10,519.13
851,2014-11-07,514.5
852,2014-11-06,520.38
853,2014-11-05,524.75
854,2014-11-04,532.13
855,2014-11-03,539.13
856,2014-10-31,531.25
857,2014-10-30,535.88
858,2014-10-29,538.63
859,2014-10-28,531.5
860,2014-10-27,523.5
861,2014-10-24,518.5
862,2014-10-23,526.5
863,2014-10-22,522.63
864,2014-10-21,519.75
865,2014-10-20,513.63
866,2014-10-17,515.88
867,2014-10-16,518.0
868,2014-10-15,507.75
869,2014-10-14,509.38
870,2014-10-13,505.13
871,2014-10-10,498.75
872,2014-10-09,493.38
873,2014-10-08,507.88
874,2014-10-07,506.88
875,2014-10-06,491.38
876,2014-10-03,486.13
877,2014-10-02,483.75
878,2014-10-01,478.63
879,2014-09-30,478.63
880,2014-09-29,480.88
881,2014-09-26,474.88
882,2014-09-25,474.25
883,2014-09-24,480.38
884,2014-09-23,475.75
885,2014-09-22,476.63
886,2014-09-19,474.0
887,2014-09-18,488.13
888,2014-09-17,499.38
889,2014-09-16,496.88
890,2014-09-15,500.38
891,2014-09-12,502.5
892,2014-09-11,509.13
893,2014-09-10,519.63
894,2014-09-09,528.88
895,2014-09-08,533.75
896,2014-09-05,535.38
897,2014-09-04,529.88
898,2014-09-03,535.38
899,2014-09-02,554.75
900,2014-08-29,563.38
901,2014-08-28,570.88
902,2014-08-27,561.38
903,2014-08-26,555.88
904,2014-08-25,555.63
905,2014-08-22,549.25
906,2014-08-21,546.5
907,2014-08-20,539.5
908,2014-08-19,546.63
909,2014-08-18,542.38
910,2014-08-15,551.63
911,2014-08-14,536.13
912,2014-08-13,527.38
913,2014-08-12,538.25
914,2014-08-11,546.75
915,2014-08-08,547.88
916,2014-08-07,561.63
917,2014-08-06,567.63
918,2014-08-05,552.13
919,2014-08-04,544.88
920,2014-08-03,533.75
921,2014-08-01,533.75
922,2014-07-31,530.38
923,2014-07-30,528.0
924,2014-07-29,520.63
925,2014-07-28,534.88
926,2014-07-25,537.63
927,2014-07-24,529.0
928,2014-07-23,529.88
929,2014-07-22,524.88
930,2014-07-21,530.25
931,2014-07-18,531.75
932,2014-07-17,551.25
933,2014-07-16,538.0
934,2014-07-15,538.25
935,2014-07-14,538.38
936,2014-07-11,525.88
937,2014-07-10,548.63
938,2014-07-09,551.25
939,2014-07-08,555.88
940,2014-07-07,558.25
941,2014-07-06,579.5
942,2014-07-03,579.5
943,2014-07-02,576.63
944,2014-07-01,573.13
945,2014-06-30,576.75
946,2014-06-27,592.88
947,2014-06-26,584.38
948,2014-06-25,584.13
949,2014-06-24,580.0
950,2014-06-23,589.13
951,2014-06-20,584.88
952,2014-06-19,593.88
953,2014-06-18,586.25
954,2014-06-17,581.5
955,2014-06-16,580.38
956,2014-06-13,585.13
957,2014-06-12,584.88
958,2014-06-11,588.88
959,2014-06-10,601.13
960,2014-06-09,614.25
961,2014-06-06,619.38
962,2014-06-05,605.13
963,2014-06-04,613.88
964,2014-06-03,612.13
965,2014-06-02,620.38
966,2014-05-30,628.13
967,2014-05-29,632.25
968,2014-05-28,638.63
969,2014-05-27,640.88
970,2014-05-23,651.88
971,2014-05-22,659.63
972,2014-05-21,663.38
973,2014-05-20,669.13
974,2014-05-19,675.13
975,2014-05-16,674.88
976,2014-05-15,677.88
977,2014-05-14,690.38
978,2014-05-13,709.63
979,2014-05-12,714.88
980,2014-05-11,722.75
981,2014-05-09,722.75
982,2014-05-08,734.63
983,2014-05-07,738.88
984,2014-05-06,738.63
985,2014-05-05,727.38
986,2014-05-02,716.0
987,2014-05-01,708.63
988,2014-04-30,721.5
989,2014-04-29,715.63
990,2014-04-28,708.88
991,2014-04-25,700.88
992,2014-04-24,690.38
993,2014-04-23,676.38
994,2014-04-22,672.38
995,2014-04-21,668.88
996,2014-04-17,690.25
997,2014-04-16,688.0
998,2014-04-15,701.63
999,2014-04-14,678.13
1000,2014-04-11,659.13
1001,2014-04-10,662.25
1002,2014-04-09,668.25
1003,2014-04-08,679.25
1004,2014-04-07,676.63
1005,2014-04-04,670.25
1006,2014-04-03,675.25
1007,2014-04-02,668.63
1008,2014-04-01,685.38
1009,2014-03-31,697.13
1010,2014-03-28,695.13
1011,2014-03-27,710.5
1012,2014-03-26,697.38
1013,2014-03-25,709.38
1014,2014-03-24,713.38
1015,2014-03-21,692.25
1016,2014-03-20,706.38
1017,2014-03-19,715.63
1018,2014-03-18,691.88
1019,2014-03-17,674.63
1020,2014-03-14,686.63
1021,2014-03-13,672.13
1022,2014-03-12,684.13
1023,2014-03-11,658.13
1024,2014-03-10,639.63
1025,2014-03-07,653.5
1026,2014-03-06,646.63
1027,2014-03-05,640.38
1028,2014-03-04,643.25
1029,2014-03-03,634.5
1030,2014-02-28,600.38
1031,2014-02-27,590.38
1032,2014-02-26,605.38
1033,2014-02-25,617.25
1034,2014-02-24,617.25
1035,2014-02-21,609.88
1036,2014-02-20,615.88
1037,2014-02-19,620.38
1038,2014-02-18,612.13
1039,2014-02-14,597.5
1040,2014-02-13,594.5
1041,2014-02-12,585.88
1042,2014-02-11,589.13
1043,2014-02-10,585.5
1044,2014-02-07,577.75
1045,2014-02-06,579.88
1046,2014-02-05,587.0
1047,2014-02-04,585.38
1048,2014-02-03,563.88
1049,2014-01-31,555.0
1050,2014-01-30,553.75
1051,2014-01-29,550.88
1052,2014-01-28,565.88
1053,2014-01-27,563.88
1054,2014-01-24,566.25
1055,2014-01-23,569.88
1056,2014-01-22,561.13
1057,2014-01-21,561.88
1058,2014-01-17,562.88
1059,2014-01-16,572.13
1060,2014-01-15,567.38
1061,2014-01-14,579.38
1062,2014-01-13,572.88
1063,2014-01-10,568.13
1064,2014-01-09,584.5
1065,2014-01-08,587.63
1066,2014-01-07,602.38
1067,2014-01-06,606.13
1068,2014-01-03,606.63
1069,2014-01-02,596.75
1070,2014-01-01,605.13
1071,2013-12-31,605.13
1072,2013-12-30,600.13
1073,2013-12-27,608.13
1074,2013-12-26,605.75
1075,2013-12-24,606.38
1076,2013-12-23,609.25
1077,2013-12-20,613.63
1078,2013-12-19,610.13
1079,2013-12-18,612.38
1080,2013-12-17,618.88
1081,2013-12-16,621.63
1082,2013-12-13,629.13
1083,2013-12-12,633.38
1084,2013-12-11,641.13
1085,2013-12-10,639.5
1086,2013-12-09,650.5
1087,2013-12-06,650.75
1088,2013-12-05,651.63
1089,2013-12-04,662.0
1090,2013-12-03,668.88
1091,2013-12-02,662.88
1092,2013-11-29,668.25
1093,2013-11-27,664.63
1094,2013-11-26,655.75
1095,2013-11-25,659.5
1096,2013-11-24,656.25
1097,2013-11-22,649.0
1098,2013-11-21,648.63
1099,2013-11-20,646.5
1100,2013-11-19,650.0
1101,2013-11-18,642.38
1102,2013-11-15,643.75
1103,2013-11-14,644.88
1104,2013-11-13,645.25
1105,2013-11-12,645.0
1106,2013-11-11,646.25
1107,2013-11-08,648.0
1108,2013-11-07,653.38
1109,2013-11-06,653.63
1110,2013-11-05,656.5
1111,2013-11-04,663.38
1112,2013-11-01,667.13
1113,2013-10-31,667.38
1114,2013-10-30,674.13
1115,2013-10-29,681.75
1116,2013-10-28,680.88
1117,2013-10-25,691.63
1118,2013-10-24,696.5
1119,2013-10-23,701.75
1120,2013-10-22,700.63
1121,2013-10-21,698.88
1122,2013-10-18,705.25
1123,2013-10-17,685.63
1124,2013-10-16,681.13
1125,2013-10-15,685.63
1126,2013-10-14,691.88
1127,2013-10-11,692.0
1128,2013-10-10,685.0
1129,2013-10-09,690.13
1130,2013-10-08,693.13
1131,2013-10-07,695.0
1132,2013-10-04,686.63
1133,2013-10-03,688.63
1134,2013-10-02,686.0
1135,2013-10-01,683.38
1136,2013-09-30,679.13
1137,2013-09-27,681.13
1138,2013-09-26,678.63
1139,2013-09-25,669.63
1140,2013-09-24,657.63
1141,2013-09-23,653.88
1142,2013-09-20,645.88
1143,2013-09-19,656.25
1144,2013-09-18,645.5
1145,2013-09-17,642.5
1146,2013-09-16,640.88
1147,2013-09-13,640.5
1148,2013-09-12,652.88
1149,2013-09-11,647.88
1150,2013-09-10,646.25
1151,2013-09-09,640.88
1152,2013-09-06,647.63
1153,2013-09-05,639.38
1154,2013-09-04,646.38
1155,2013-09-03,647.5
1156,2013-08-30,654.88
1157,2013-08-29,654.38
1158,2013-08-28,660.38
1159,2013-08-27,663.25
1160,2013-08-26,667.13
1161,2013-08-23,633.75
1162,2013-08-22,630.5
1163,2013-08-21,638.38
1164,2013-08-20,634.5
1165,2013-08-19,640.5
1166,2013-08-16,631.5
1167,2013-08-15,637.63
1168,2013-08-14,630.38
1169,2013-08-13,627.5
1170,2013-08-12,635.25
1171,2013-08-09,633.63
1172,2013-08-08,641.13
1173,2013-08-07,643.88
1174,2013-08-06,650.0
1175,2013-08-05,645.25
1176,2013-08-02,660.25
1177,2013-08-01,659.13
1178,2013-07-31,663.63
1179,2013-07-30,656.0
1180,2013-07-29,651.13
1181,2013-07-26,649.25
1182,2013-07-25,648.38
1183,2013-07-24,653.13
1184,2013-07-23,654.63
1185,2013-07-22,659.88
1186,2013-07-19,663.88
1187,2013-07-18,661.13
1188,2013-07-17,665.25
1189,2013-07-16,669.25
1190,2013-07-15,669.5
1191,2013-07-12,681.0
1192,2013-07-11,682.38
1193,2013-07-10,678.13
1194,2013-07-09,676.38
1195,2013-07-08,662.38
1196,2013-07-05,659.88
1197,2013-07-04,666.0
1198,2013-07-03,666.0
1199,2013-07-02,656.38
1200,2013-07-01,656.63
1201,2013-06-28,656.88
1202,2013-06-27,672.88
1203,2013-06-26,676.63
1204,2013-06-25,685.13
1205,2013-06-24,687.75
1206,2013-06-21,697.88
1207,2013-06-20,699.88
1208,2013-06-19,705.13
1209,2013-06-18,686.88
1210,2013-06-17,683.38
1211,2013-06-14,681.13
1212,2013-06-13,685.63
1213,2013-06-12,681.88
1214,2013-06-11,696.13
1215,2013-06-10,690.25
1216,2013-06-07,696.25
1217,2013-06-06,698.5
1218,2013-06-05,701.38
1219,2013-06-04,709.63
1220,2013-06-03,709.38
1221,2013-05-31,706.63
1222,2013-05-30,697.88
1223,2013-05-29,700.38
1224,2013-05-28,693.5
1225,2013-05-24,696.38
1226,2013-05-23,705.0
1227,2013-05-22,686.88
1228,2013-05-21,679.88
1229,2013-05-20,686.25
1230,2013-05-17,682.63
1231,2013-05-16,688.88
1232,2013-05-15,693.88
1233,2013-05-14,712.38
1234,2013-05-13,709.38
1235,2013-05-10,703.5
1236,2013-05-09,724.13
1237,2013-05-08,705.5
1238,2013-05-07,707.63
1239,2013-05-06,702.25
1240,2013-05-03,721.75
1241,2013-05-02,729.25
1242,2013-05-01,719.63
1243,2013-04-30,730.25
1244,2013-04-29,715.25
1245,2013-04-26,686.88
1246,2013-04-25,701.63
1247,2013-04-24,690.25
1248,2013-04-23,697.88
1249,2013-04-22,702.13
1250,2013-04-19,708.38
1251,2013-04-18,704.13
1252,2013-04-17,703.38
1253,2013-04-16,703.63
1254,2013-04-15,692.63
1255,2013-04-12,714.13
1256,2013-04-11,698.5
1257,2013-04-10,696.88
1258,2013-04-09,707.25
1259,2013-04-08,711.75
1260,2013-04-05,699.38
1261,2013-04-04,692.5
1262,2013-04-03,701.88
1263,2013-04-02,674.38
1264,2013-04-01,667.38
1265,2013-03-31,684.5
1266,2013-03-28,688.25
1267,2013-03-27,736.0
1268,2013-03-26,729.63
1269,2013-03-25,726.13
1270,2013-03-24,730.0
1271,2013-03-22,729.38
1272,2013-03-21,728.38
1273,2013-03-20,733.63
1274,2013-03-19,727.38
1275,2013-03-18,714.13
1276,2013-03-17,716.63
1277,2013-03-15,723.13
1278,2013-03-14,724.88
1279,2013-03-13,712.25
1280,2013-03-12,703.0
1281,2013-03-11,700.75
1282,2013-03-10,699.38
1283,2013-03-08,696.38
1284,2013-03-07,695.63
1285,2013-03-06,683.25
1286,2013-03-05,705.25
1287,2013-03-04,703.5
1288,2013-03-03,719.0
1289,2013-03-01,720.38
1290,2013-02-28,716.38
1291,2013-02-27,712.0
1292,2013-02-26,711.88
1293,2013-02-25,705.88
1294,2013-02-24,720.13
1295,2013-02-22,713.88
1296,2013-02-21,723.0
1297,2013-02-20,736.88
1298,2013-02-19,732.75
1299,2013-02-15,742.0
1300,2013-02-14,734.38
1301,2013-02-13,737.75
1302,2013-02-12,734.25
1303,2013-02-11,741.88
1304,2013-02-10,757.88
1305,2013-02-08,756.13
1306,2013-02-07,756.75
1307,2013-02-06,759.75
1308,2013-02-05,757.63
1309,2013-02-04,765.38
1310,2013-02-03,765.88
1311,2013-02-01,766.13
1312,2013-01-31,781.63
1313,2013-01-30,786.75
1314,2013-01-29,773.88
1315,2013-01-28,778.38
1316,2013-01-27,779.5
1317,2013-01-25,775.88
1318,2013-01-24,771.38
1319,2013-01-23,772.88
1320,2013-01-22,776.38
1321,2013-01-20,790.5
1322,2013-01-18,790.5
1323,2013-01-17,785.38
1324,2013-01-16,786.75
1325,2013-01-15,783.38
1326,2013-01-14,770.25
1327,2013-01-13,767.5
1328,2013-01-11,757.88
1329,2013-01-10,746.0
1330,2013-01-09,749.63
1331,2013-01-08,750.88
1332,2013-01-07,752.25
1333,2013-01-06,748.25
1334,2013-01-04,748.88
1335,2013-01-03,754.25
1336,2013-01-02,758.88
1337,2012-12-31,778.5
1338,2012-12-30,775.0
1339,2012-12-28,778.38
1340,2012-12-27,776.88
1341,2012-12-26,775.88
1342,2012-12-24,794.13
1343,2012-12-23,794.5
1344,2012-12-21,791.88
1345,2012-12-20,792.25
1346,2012-12-19,807.13
1347,2012-12-18,813.38
1348,2012-12-17,812.63
1349,2012-12-16,814.88
1350,2012-12-14,813.88
1351,2012-12-13,808.0
1352,2012-12-12,812.88
1353,2012-12-11,823.88
1354,2012-12-10,847.88
1355,2012-12-09,857.63
1356,2012-12-07,860.0
1357,2012-12-06,860.5
1358,2012-12-05,860.63
1359,2012-12-04,858.25
1360,2012-12-03,861.25
1361,2012-12-02,863.5
1362,2012-11-30,863.5
1363,2012-11-29,885.5
1364,2012-11-28,886.88
1365,2012-11-27,886.0
1366,2012-11-26,864.5
1367,2012-11-25,859.75
1368,2012-11-23,847.13
1369,2012-11-21,845.13
1370,2012-11-20,843.88
1371,2012-11-19,843.38
1372,2012-11-18,837.63
1373,2012-11-16,837.13
1374,2012-11-15,846.0
1375,2012-11-14,847.63
1376,2012-11-13,854.25
1377,2012-11-12,858.63
1378,2012-11-11,883.88
1379,2012-11-09,887.25
1380,2012-11-08,900.63
1381,2012-11-07,889.38
1382,2012-11-06,876.13
1383,2012-11-05,872.0
1384,2012-11-04,867.75
1385,2012-11-02,866.25
1386,2012-11-01,865.25
1387,2012-10-31,866.88
1388,2012-10-30,860.13
1389,2012-10-29,857.75
1390,2012-10-28,861.25
1391,2012-10-26,864.0
1392,2012-10-25,874.75
1393,2012-10-24,878.38
1394,2012-10-23,867.38
1395,2012-10-22,877.13
1396,2012-10-21,873.88
1397,2012-10-19,871.13
1398,2012-10-18,868.5
1399,2012-10-17,856.25
1400,2012-10-16,846.5
1401,2012-10-15,856.13
1402,2012-10-14,852.88
1403,2012-10-12,856.88
1404,2012-10-11,882.38
1405,2012-10-10,868.75
1406,2012-10-09,864.25
1407,2012-10-08,862.5
1408,2012-10-07,858.88
1409,2012-10-05,856.88
1410,2012-10-04,872.25
1411,2012-10-03,870.38
1412,2012-10-02,867.63
1413,2012-10-01,880.25
1414,2012-09-30,895.63
1415,2012-09-28,899.38
1416,2012-09-27,855.88
1417,2012-09-26,872.88
1418,2012-09-25,887.75
1419,2012-09-24,886.25
1420,2012-09-23,902.63
1421,2012-09-21,898.88
1422,2012-09-20,880.75
1423,2012-09-19,885.0
1424,2012-09-18,866.75
1425,2012-09-17,883.63
1426,2012-09-16,916.13
1427,2012-09-14,925.88
1428,2012-09-13,901.38
1429,2012-09-12,889.88
1430,2012-09-11,883.88
1431,2012-09-10,888.5
1432,2012-09-09,908.63
1433,2012-09-07,905.5
1434,2012-09-06,890.75
1435,2012-09-05,867.88
1436,2012-09-04,886.5
1437,2012-08-31,888.63
1438,2012-08-30,903.5
1439,2012-08-29,902.25
1440,2012-08-28,875.88
1441,2012-08-27,878.75
1442,2012-08-26,892.0
1443,2012-08-24,867.38
1444,2012-08-23,874.38
1445,2012-08-22,895.5
1446,2012-08-21,896.88
1447,2012-08-20,879.38
1448,2012-08-19,872.25
1449,2012-08-17,873.88
1450,2012-08-16,863.75
1451,2012-08-15,846.75
1452,2012-08-14,845.63
1453,2012-08-13,859.38
1454,2012-08-12,880.75
1455,2012-08-10,887.0
1456,2012-08-09,915.25
1457,2012-08-08,899.75
1458,2012-08-07,887.5
1459,2012-08-06,891.88
1460,2012-08-05,885.13
1461,2012-08-03,891.13
1462,2012-08-02,861.5
1463,2012-08-01,881.63
1464,2012-07-31,892.63
1465,2012-07-30,911.0
1466,2012-07-29,909.88
1467,2012-07-27,898.75
1468,2012-07-26,879.88
1469,2012-07-25,893.0
1470,2012-07-24,863.38
1471,2012-07-23,891.88
1472,2012-07-22,932.25
1473,2012-07-20,943.88
1474,2012-07-19,932.63
1475,2012-07-18,898.38
1476,2012-07-17,883.75
1477,2012-07-16,896.13
1478,2012-07-15,866.88
1479,2012-07-13,846.63
1480,2012-07-12,845.5
1481,2012-07-11,829.38
1482,2012-07-10,822.5
1483,2012-07-09,817.75
1484,2012-07-08,821.5
1485,2012-07-06,807.13
1486,2012-07-05,828.0
1487,2012-07-03,799.13
1488,2012-07-02,775.5
1489,2012-07-01,773.38
1490,2012-06-29,758.88
1491,2012-06-28,742.38
1492,2012-06-27,747.88
1493,2012-06-26,741.88
1494,2012-06-25,747.0
1495,2012-06-24,702.63
1496,2012-06-22,674.63
1497,2012-06-21,658.5
1498,2012-06-20,658.63
1499,2012-06-19,649.63
1500,2012-06-18,631.5
1501,2012-06-17,615.5
1502,2012-06-15,613.88
1503,2012-06-14,621.25
1504,2012-06-13,619.13
1505,2012-06-12,617.88
1506,2012-06-11,627.25
1507,2012-06-10,630.0
1508,2012-06-08,630.13
1509,2012-06-07,635.25
1510,2012-06-06,625.63
1511,2012-06-05,615.63
1512,2012-06-04,628.25
1513,2012-06-03,613.5
1514,2012-06-01,613.25
1515,2012-05-31,645.63
1516,2012-05-30,652.25
1517,2012-05-29,660.25
1518,2012-05-25,679.88
1519,2012-05-24,665.38
1520,2012-05-23,669.88
1521,2012-05-22,683.88
1522,2012-05-21,697.5
1523,2012-05-20,703.88
1524,2012-05-18,694.88
1525,2012-05-17,657.63
1526,2012-05-16,638.88
1527,2012-05-15,609.13
1528,2012-05-14,598.38
1529,2012-05-13,598.75
1530,2012-05-11,596.63
1531,2012-05-10,600.88
1532,2012-05-09,602.38
1533,2012-05-08,617.25
1534,2012-05-07,611.88
1535,2012-05-06,608.88
1536,2012-05-04,608.88
1537,2012-05-03,618.13
1538,2012-05-02,616.13
1539,2012-05-01,640.0
1540,2012-04-30,652.63
1541,2012-04-29,648.88
1542,2012-04-27,649.38
1543,2012-04-26,636.0
1544,2012-04-25,627.25
1545,2012-04-24,638.75
1546,2012-04-23,633.0
1547,2012-04-22,622.25
1548,2012-04-20,616.88
1549,2012-04-19,625.88
1550,2012-04-18,613.88
1551,2012-04-17,616.13
1552,2012-04-16,618.75
1553,2012-04-15,620.25
1554,2012-04-13,622.88
1555,2012-04-12,639.88
1556,2012-04-11,629.88
1557,2012-04-10,622.75
1558,2012-04-09,641.38
1559,2012-04-08,641.63
1560,2012-04-05,638.63
1561,2012-04-04,641.25
1562,2012-04-03,658.38
1563,2012-04-02,653.88
1564,2012-04-01,663.5
1565,2012-03-30,658.88
1566,2012-03-29,616.63
1567,2012-03-28,633.25
1568,2012-03-27,640.88
1569,2012-03-26,658.75
1570,2012-03-25,650.25
1571,2012-03-23,654.63
1572,2012-03-22,648.75
1573,2012-03-21,640.75
1574,2012-03-20,642.75
1575,2012-03-19,652.25
1576,2012-03-18,674.5
1577,2012-03-16,672.13
1578,2012-03-15,663.63
1579,2012-03-14,646.25
1580,2012-03-13,649.5
1581,2012-03-12,651.13
1582,2012-03-11,639.25
1583,2012-03-09,640.88
1584,2012-03-08,634.63
1585,2012-03-07,638.63
1586,2012-03-06,657.13
1587,2012-03-05,670.88
1588,2012-03-02,672.25
1589,2012-03-01,663.0
1590,2012-02-29,667.88
1591,2012-02-28,667.38
1592,2012-02-27,653.75
1593,2012-02-24,642.25
1594,2012-02-23,640.88
1595,2012-02-22,644.88
1596,2012-02-21,633.63
1597,2012-02-17,644.13
1598,2012-02-16,627.13
1599,2012-02-15,626.13
1600,2012-02-14,634.25
1601,2012-02-13,641.88
1602,2012-02-10,629.88
1603,2012-02-09,645.38
1604,2012-02-08,661.13
1605,2012-02-07,661.13
1606,2012-02-06,668.63
1607,2012-02-03,660.38
1608,2012-02-02,661.63
1609,2012-02-01,674.63
1610,2012-01-31,666.63
1611,2012-01-30,643.88
1612,2012-01-27,647.25
1613,2012-01-26,653.13
1614,2012-01-25,641.63
1615,2012-01-24,633.63
1616,2012-01-23,619.63
1617,2012-01-20,610.63
1618,2012-01-19,606.13
1619,2012-01-18,592.13
1620,2012-01-17,604.88
1621,2012-01-13,601.63
1622,2012-01-12,605.88
1623,2012-01-11,643.25
1624,2012-01-10,639.63
1625,2012-01-09,642.38
1626,2012-01-06,624.63
1627,2012-01-05,627.38
1628,2012-01-04,650.13
1629,2012-01-03,658.38
1630,2012-01-02,653.13
1631,2011-12-30,653.13
1632,2011-12-29,645.13
1633,2011-12-28,650.63
1634,2011-12-27,643.63
1635,2011-12-26,621.75
1636,2011-12-25,621.75
1637,2011-12-23,622.0
1638,2011-12-22,621.5
1639,2011-12-21,617.75
1640,2011-12-20,606.88
1641,2011-12-19,600.88
1642,2011-12-16,583.13
1643,2011-12-15,578.38
1644,2011-12-14,581.5
1645,2011-12-13,601.63
1646,2011-12-12,593.88
1647,2011-12-11,595.5
1648,2011-12-09,596.13
1649,2011-12-08,595.88
1650,2011-12-07,600.38
1651,2011-12-06,612.38
1652,2011-12-05,611.88
1653,2011-12-02,626.63
1654,2011-12-01,614.38
1655,2011-11-30,614.88
1656,2011-11-29,614.88
1657,2011-11-28,592.88
1658,2011-11-25,574.0
1659,2011-11-23,579.75
1660,2011-11-22,594.13
1661,2011-11-21,591.88
1662,2011-11-18,596.63
1663,2011-11-17,591.88
1664,2011-11-16,617.13
1665,2011-11-15,632.0
1666,2011-11-14,614.63
1667,2011-11-11,618.0
1668,2011-11-10,621.38
1669,2011-11-09,642.63
1670,2011-11-08,658.13
1671,2011-11-07,639.0
1672,2011-11-04,635.38
1673,2011-11-03,634.63
1674,2011-11-02,624.38
1675,2011-11-01,626.13
1676,2011-10-31,629.25
1677,2011-10-30,647.63
1678,2011-10-28,646.13
1679,2011-10-27,642.63
1680,2011-10-26,621.38
1681,2011-10-25,635.38
1682,2011-10-24,642.38
1683,2011-10-23,633.75
1684,2011-10-21,630.63
1685,2011-10-20,630.88
1686,2011-10-19,617.0
1687,2011-10-18,629.63
1688,2011-10-17,624.88
1689,2011-10-16,621.38
1690,2011-10-14,623.88
1691,2011-10-13,621.75
1692,2011-10-12,623.88
1693,2011-10-11,657.5
1694,2011-10-10,614.63
1695,2011-10-09,612.13
1696,2011-10-07,608.88
1697,2011-10-06,615.13
1698,2011-10-05,626.38
1699,2011-10-04,611.13
1700,2011-10-03,615.88
1701,2011-10-02,612.38
1702,2011-09-30,606.0
1703,2011-09-29,658.5
1704,2011-09-28,632.75
1705,2011-09-27,652.38
1706,2011-09-26,654.5
1707,2011-09-25,646.13
1708,2011-09-23,642.63
1709,2011-09-22,637.63
1710,2011-09-21,662.13
1711,2011-09-20,673.13
1712,2011-09-19,676.63
1713,2011-09-18,688.5
1714,2011-09-16,693.38
1715,2011-09-15,697.75
1716,2011-09-14,704.0
1717,2011-09-13,703.88
1718,2011-09-12,731.63
1719,2011-09-11,728.0
1720,2011-09-09,729.13
1721,2011-09-08,738.13
1722,2011-09-07,753.5
1723,2011-09-06,763.63
1724,2011-09-05,765.63
1725,2011-09-02,775.88
1726,2011-09-01,765.13
1727,2011-08-31,788.13
1728,2011-08-30,785.88
1729,2011-08-29,789.75
1730,2011-08-28,770.63
1731,2011-08-26,762.0
1732,2011-08-25,754.38
1733,2011-08-24,746.63
1734,2011-08-23,755.0
1735,2011-08-22,737.63
1736,2011-08-21,732.13
1737,2011-08-19,731.75
1738,2011-08-18,706.13
1739,2011-08-17,725.5
1740,2011-08-16,725.63
1741,2011-08-15,710.38
1742,2011-08-14,711.13
1743,2011-08-12,703.63
1744,2011-08-11,703.13
1745,2011-08-10,684.5
1746,2011-08-09,682.88
1747,2011-08-08,651.88
1748,2011-08-07,673.63
1749,2011-08-05,677.75
1750,2011-08-04,673.0
1751,2011-08-03,704.88
1752,2011-08-02,715.38
1753,2011-08-01,681.0
1754,2011-07-31,674.88
1755,2011-07-29,672.88
1756,2011-07-28,697.38
1757,2011-07-27,699.88
1758,2011-07-26,692.13
1759,2011-07-25,687.63
1760,2011-07-24,683.63
1761,2011-07-22,693.38
1762,2011-07-21,680.75
1763,2011-07-20,687.38
1764,2011-07-19,700.63
1765,2011-07-18,693.63
1766,2011-07-17,681.38
1767,2011-07-15,695.38
1768,2011-07-14,707.88
1769,2011-07-13,716.0
1770,2011-07-12,667.5
1771,2011-07-11,638.13
1772,2011-07-10,647.38
1773,2011-07-08,650.0
1774,2011-07-07,635.25
1775,2011-07-06,624.13
1776,2011-07-05,635.25
1777,2011-07-04,625.63
1778,2011-07-01,611.63
1779,2011-06-30,600.38
1780,2011-06-29,675.0
1781,2011-06-28,680.75
1782,2011-06-27,657.63
1783,2011-06-26,653.0
1784,2011-06-24,631.63
1785,2011-06-23,645.75
1786,2011-06-22,636.88
1787,2011-06-21,677.25
1788,2011-06-20,658.5
1789,2011-06-19,674.0
1790,2011-06-17,671.88
1791,2011-06-16,670.88
1792,2011-06-15,711.38
1793,2011-06-14,731.88
1794,2011-06-13,746.63
1795,2011-06-12,766.5
1796,2011-06-10,759.88
1797,2011-06-09,748.13
1798,2011-06-08,751.88
1799,2011-06-07,741.38
1800,2011-06-06,746.0
1801,2011-06-05,775.25
1802,2011-06-03,772.88
1803,2011-06-02,772.5
1804,2011-06-01,761.5
1805,2011-05-31,787.13
1806,2011-05-30,792.75
1807,2011-05-27,820.63
1808,2011-05-26,818.88
1809,2011-05-25,802.88
1810,2011-05-24,787.75
1811,2011-05-23,797.75
1812,2011-05-22,820.13
1813,2011-05-20,806.63
1814,2011-05-19,808.63
1815,2011-05-18,818.75
1816,2011-05-17,771.38
1817,2011-05-16,736.13
1818,2011-05-15,738.88
1819,2011-05-13,729.13
1820,2011-05-12,738.5
1821,2011-05-11,759.5
1822,2011-05-10,799.88
1823,2011-05-09,792.5
1824,2011-05-08,773.5
1825,2011-05-06,753.88
1826,2011-05-05,753.38
1827,2011-05-04,772.25
1828,2011-05-03,792.88
1829,2011-05-02,795.63
1830,2011-05-01,801.0
1831,2011-04-29,804.13
1832,2011-04-28,770.0
1833,2011-04-27,819.13
1834,2011-04-26,850.88
1835,2011-04-25,861.88
1836,2011-04-24,849.38
1837,2011-04-22,834.25
1838,2011-04-21,833.88
1839,2011-04-20,823.88
1840,2011-04-19,824.88
1841,2011-04-18,815.13
1842,2011-04-17,782.63
1843,2011-04-15,744.5
1844,2011-04-14,745.5
1845,2011-04-13,759.25
1846,2011-04-12,757.63
1847,2011-04-11,800.13
1848,2011-04-10,807.0
1849,2011-04-08,799.38
1850,2011-04-07,774.88
1851,2011-04-06,778.5
1852,2011-04-05,784.63
1853,2011-04-04,789.5
1854,2011-04-03,766.5
1855,2011-04-01,760.38
1856,2011-03-31,759.13
1857,2011-03-30,726.88
1858,2011-03-29,738.88
1859,2011-03-28,723.13
1860,2011-03-27,739.63
1861,2011-03-25,734.75
1862,2011-03-24,742.38
1863,2011-03-23,713.5
1864,2011-03-22,725.25
1865,2011-03-21,718.63
1866,2011-03-20,738.88
1867,2011-03-18,724.88
1868,2011-03-17,715.38
1869,2011-03-16,671.63
1870,2011-03-15,680.75
1871,2011-03-14,722.13
1872,2011-03-13,713.13
1873,2011-03-11,717.38
1874,2011-03-10,739.5
1875,2011-03-09,759.38
1876,2011-03-08,781.25
1877,2011-03-07,799.88
1878,2011-03-04,832.63
1879,2011-03-03,823.38
1880,2011-03-02,811.38
1881,2011-03-01,810.88
1882,2011-02-28,816.38
1883,2011-02-25,813.63
1884,2011-02-24,781.13
1885,2011-02-23,797.13
1886,2011-02-22,796.38
1887,2011-02-18,856.38
1888,2011-02-17,883.5
1889,2011-02-16,837.38
1890,2011-02-15,840.25
1891,2011-02-14,872.38
1892,2011-02-11,867.63
1893,2011-02-10,861.38
1894,2011-02-09,888.25
1895,2011-02-08,873.88
1896,2011-02-07,858.88
1897,2011-02-04,854.5
1898,2011-02-03,858.38
1899,2011-02-02,862.88
1900,2011-02-01,835.38
1901,2011-01-31,838.63
1902,2011-01-28,824.63
1903,2011-01-27,847.13
1904,2011-01-26,856.88
1905,2011-01-25,838.88
1906,2011-01-24,835.88
1907,2011-01-23,824.63
1908,2011-01-21,824.75
1909,2011-01-20,802.38
1910,2011-01-19,798.63
1911,2011-01-18,793.38
1912,2011-01-17,773.38
1913,2011-01-14,773.88
1914,2011-01-13,781.38
1915,2011-01-12,773.63
1916,2011-01-11,758.63
1917,2011-01-10,766.63
1918,2011-01-07,772.13
1919,2011-01-06,788.13
1920,2011-01-05,809.88
1921,2011-01-04,788.0
1922,2011-01-03,805.25
1923,2010-12-31,792.63
1924,2010-12-30,784.75
1925,2010-12-29,799.13
1926,2010-12-28,799.13
1927,2010-12-27,779.88
1928,2010-12-24,782.63
1929,2010-12-23,783.63
1930,2010-12-22,783.63
1931,2010-12-21,764.63
1932,2010-12-20,769.88
1933,2010-12-17,757.5
1934,2010-12-16,749.88
1935,2010-12-15,763.88
1936,2010-12-14,761.38
1937,2010-12-13,780.5
1938,2010-12-12,775.38
1939,2010-12-10,775.88
1940,2010-12-09,788.88
1941,2010-12-08,784.13
1942,2010-12-07,783.13
1943,2010-12-06,794.0
1944,2010-12-03,780.38
1945,2010-12-02,748.13
1946,2010-12-01,738.63
1947,2010-11-30,689.63
1948,2010-11-29,691.38
1949,2010-11-26,686.63
1950,2010-11-24,685.5
1951,2010-11-23,678.63
1952,2010-11-22,684.38
1953,2010-11-19,682.25
1954,2010-11-18,645.88
1955,2010-11-17,632.63
1956,2010-11-16,626.38
1957,2010-11-15,670.13
1958,2010-11-12,668.88
1959,2010-11-11,704.38
1960,2010-11-10,709.38
1961,2010-11-09,720.38
1962,2010-11-08,737.13
1963,2010-11-05,729.13
1964,2010-11-04,720.63
1965,2010-11-03,695.13
1966,2010-11-02,695.88
1967,2010-11-01,706.88
1968,2010-10-31,727.38
1969,2010-10-29,715.75
1970,2010-10-28,718.63
1971,2010-10-27,704.13
1972,2010-10-26,699.88
1973,2010-10-25,675.25
1974,2010-10-24,674.63
1975,2010-10-22,670.13
1976,2010-10-21,670.38
1977,2010-10-20,691.75
1978,2010-10-19,674.75
1979,2010-10-18,692.63
1980,2010-10-17,707.13
1981,2010-10-15,702.63
1982,2010-10-14,704.75
1983,2010-10-13,705.88
1984,2010-10-12,712.0
1985,2010-10-11,708.88
1986,2010-10-10,725.38
1987,2010-10-08,719.38
1988,2010-10-07,661.75
1989,2010-10-06,660.38
1990,2010-10-05,666.63
1991,2010-10-04,648.25
1992,2010-10-03,653.13
1993,2010-10-01,654.38
1994,2010-09-30,676.13
1995,2010-09-29,683.25
1996,2010-09-28,685.75
1997,2010-09-27,701.38
1998,2010-09-26,728.63
1999,2010-09-24,719.88
2000,2010-09-23,698.63
2001,2010-09-22,715.88
2002,2010-09-21,723.63
2003,2010-09-20,727.13
2004,2010-09-19,744.88
2005,2010-09-17,738.25
2006,2010-09-16,724.88
2007,2010-09-15,730.38
2008,2010-09-14,737.38
2009,2010-09-13,747.5
2010,2010-09-12,734.88
2011,2010-09-10,737.38
2012,2010-09-09,734.63
2013,2010-09-08,713.63
2014,2010-09-07,733.88
2015,2010-09-06,741.5
2016,2010-09-05,741.13
2017,2010-09-03,741.75
2018,2010-09-02,715.13
2019,2010-09-01,707.75
2020,2010-08-31,689.38
2021,2010-08-30,701.88
2022,2010-08-29,704.75
2023,2010-08-27,693.38
2024,2010-08-26,694.88
2025,2010-08-25,685.88
2026,2010-08-24,704.25
2027,2010-08-23,722.38
2028,2010-08-22,713.25
2029,2010-08-20,711.25
2030,2010-08-19,723.88
2031,2010-08-18,661.25
2032,2010-08-17,655.25
2033,2010-08-16,666.0
2034,2010-08-15,694.5
2035,2010-08-13,701.13
2036,2010-08-12,717.13
2037,2010-08-11,693.25
2038,2010-08-10,705.13
2039,2010-08-09,710.0
2040,2010-08-08,693.13
2041,2010-08-06,726.63
2042,2010-08-05,815.63
2043,2010-08-04,726.25
2044,2010-08-03,679.38
2045,2010-08-02,693.0
2046,2010-08-01,662.25
2047,2010-07-30,661.38
2048,2010-07-27,595.63
2049,2010-07-26,586.13
2050,2010-07-25,596.25
2051,2010-07-23,595.75
2052,2010-07-22,593.63
2053,2010-07-21,585.75
2054,2010-07-20,575.5
2055,2010-07-19,577.88
2056,2010-07-18,593.63
2057,2010-07-16,588.25
2058,2010-07-15,596.88
2059,2010-07-14,556.88
2060,2010-07-13,549.38
2061,2010-07-12,533.5
2062,2010-07-11,536.38
2063,2010-07-09,537.88
2064,2010-07-08,544.5
2065,2010-07-07,530.0
2066,2010-07-06,507.25
2067,2010-07-05,504.38
2068,2010-07-04,502.63
2069,2010-07-02,503.38
2070,2010-07-01,496.88
2071,2010-06-30,479.25
2072,2010-06-29,456.63
2073,2010-06-28,464.5
2074,2010-06-25,471.13
2075,2010-06-24,477.88
2076,2010-06-23,475.75
2077,2010-06-22,476.13
2078,2010-06-21,477.38
2079,2010-06-18,476.5
2080,2010-06-17,479.13
2081,2010-06-16,460.88
2082,2010-06-15,451.88
2083,2010-06-14,451.38
2084,2010-06-13,446.88
2085,2010-06-11,440.13
2086,2010-06-10,433.63
2087,2010-06-09,427.38
2088,2010-06-08,432.38
2089,2010-06-07,433.13
2090,2010-06-06,435.63
2091,2010-06-04,435.38
2092,2010-06-03,444.13
2093,2010-06-02,444.38
2094,2010-06-01,451.5
2095,2010-05-31,458.38
2096,2010-05-30,457.63
2097,2010-05-28,457.38
2098,2010-05-27,470.0
2099,2010-05-26,461.63
2100,2010-05-25,462.5
2101,2010-05-24,466.13
2102,2010-05-23,472.25
2103,2010-05-21,472.13
2104,2010-05-20,467.13
2105,2010-05-19,470.75
2106,2010-05-18,467.13
2107,2010-05-17,469.75
2108,2010-05-16,471.13
2109,2010-05-14,471.88
2110,2010-05-13,480.63
2111,2010-05-12,490.5
2112,2010-05-11,493.63
2113,2010-05-10,493.88
2114,2010-05-09,508.13
2115,2010-05-07,508.38
2116,2010-05-06,503.63
2117,2010-05-05,512.38
2118,2010-05-04,512.38
2119,2010-05-03,500.38
2120,2010-04-30,505.13
2121,2010-04-29,495.25
2122,2010-04-28,489.88
2123,2010-04-27,489.75
2124,2010-04-26,488.38
2125,2010-04-25,505.25
2126,2010-04-23,507.0
2127,2010-04-22,508.5
2128,2010-04-21,499.63
2129,2010-04-20,498.88
2130,2010-04-19,481.38
2131,2010-04-18,499.88
2132,2010-04-16,489.5
2133,2010-04-15,480.38
2134,2010-04-14,473.88
2135,2010-04-13,476.13
2136,2010-04-12,467.13
2137,2010-04-09,466.13
2138,2010-04-08,469.13
2139,2010-04-07,475.5
2140,2010-04-06,463.38
2141,2010-04-05,453.5
2142,2010-04-01,456.13
2143,2010-03-31,450.38
2144,2010-03-30,473.38
2145,2010-03-29,464.38
2146,2010-03-26,464.88
2147,2010-03-25,466.13
2148,2010-03-24,476.0
2149,2010-03-23,475.88
2150,2010-03-22,487.13
2151,2010-03-19,484.75
2152,2010-03-18,489.38
2153,2010-03-17,495.88
2154,2010-03-16,487.38
2155,2010-03-15,478.63
2156,2010-03-12,485.13
2157,2010-03-11,478.38
2158,2010-03-10,481.13
2159,2010-03-09,489.38
2160,2010-03-08,494.63
2161,2010-03-05,493.13
2162,2010-03-04,502.88
2163,2010-03-03,515.63
2164,2010-03-02,504.0
2165,2010-03-01,504.75
2166,2010-02-26,519.13
2167,2010-02-25,503.88
2168,2010-02-24,514.13
2169,2010-02-23,506.13
2170,2010-02-22,513.13
2171,2010-02-19,488.88
2172,2010-02-18,483.88
2173,2010-02-17,494.88
2174,2010-02-16,504.88
2175,2010-02-12,485.63
2176,2010-02-11,491.5
2177,2010-02-10,496.88
2178,2010-02-09,482.25
2179,2010-02-08,484.38
2180,2010-02-05,474.13
2181,2010-02-04,475.63
2182,2010-02-03,470.13
2183,2010-02-02,487.0
2184,2010-02-01,474.38
2185,2010-01-31,473.13
2186,2010-01-29,473.13
2187,2010-01-28,487.0
2188,2010-01-27,484.75
2189,2010-01-26,493.0
2190,2010-01-25,497.88
2191,2010-01-22,498.13
2192,2010-01-21,500.38
2193,2010-01-20,488.88
2194,2010-01-19,499.25
2195,2010-01-18,509.88
2196,2010-01-15,509.88
2197,2010-01-14,527.13
2198,2010-01-13,535.13
2199,2010-01-12,537.88
2200,2010-01-11,574.25
2201,2010-01-08,568.13
2202,2010-01-07,556.63
2203,2010-01-06,567.13
2204,2010-01-05,552.63
2205,2010-01-04,557.63
2206,2010-01-01,540.75
2207,2009-12-31,541.13
2208,2009-12-30,543.75
2209,2009-12-29,540.5
2210,2009-12-28,550.38
2211,2009-12-25,525.75
2212,2009-12-24,525.75
2213,2009-12-23,529.63
2214,2009-12-22,522.38
2215,2009-12-21,519.38
2216,2009-12-20,527.13
2217,2009-12-18,527.13
2218,2009-12-17,522.63
2219,2009-12-16,539.5
2220,2009-12-15,536.13
2221,2009-12-14,543.63
2222,2009-12-13,538.0
2223,2009-12-11,538.0
2224,2009-12-10,538.13
2225,2009-12-09,534.63
2226,2009-12-08,539.63
2227,2009-12-07,547.63
2228,2009-12-06,557.63
2229,2009-12-04,557.38
2230,2009-12-03,571.0
2231,2009-12-02,576.63
2232,2009-12-01,583.75
2233,2009-11-30,586.5
2234,2009-11-29,569.13
2235,2009-11-27,569.25
2236,2009-11-25,569.25
2237,2009-11-24,553.38
2238,2009-11-23,578.38
2239,2009-11-22,579.5
2240,2009-11-20,558.13
2241,2009-11-19,562.75
2242,2009-11-18,565.13
2243,2009-11-17,574.5
2244,2009-11-16,562.38
2245,2009-11-15,539.5
2246,2009-11-13,539.63
2247,2009-11-12,531.13
2248,2009-11-11,530.38
2249,2009-11-10,521.63
2250,2009-11-09,519.75
2251,2009-11-08,497.88
2252,2009-11-06,497.88
2253,2009-11-05,512.25
2254,2009-11-04,521.75
2255,2009-11-02,514.63
2256,2009-11-01,493.63
2257,2009-10-30,493.63
2258,2009-10-29,504.38
2259,2009-10-28,493.88
2260,2009-10-27,502.88
2261,2009-10-26,527.13
2262,2009-10-25,547.38
2263,2009-10-23,547.0
2264,2009-10-22,552.38
2265,2009-10-21,542.38
2266,2009-10-20,518.88
2267,2009-10-19,517.5
2268,2009-10-18,497.5
2269,2009-10-16,497.75
2270,2009-10-15,505.38
2271,2009-10-14,513.5
